<?xml version="1.0" encoding="UTF-8"?>
<beans xmlns = "http://www.springframework.org/schema/beans"
   xmlns:xsi = "http://www.w3.org/2001/XMLSchema-instance"
    xmlns:context="http://www.springframework.org/schema/context"
   xsi:schemaLocation = "http://www.springframework.org/schema/beans
   http://www.springframework.org/schema/beans/spring-beans-3.0.xsd
   http://www.springframework.org/schema/context
   http://www.springframework.org/schema/context/spring-context-3.0.xsd">

    <context:component-scan base-package="com.infopine1.Yamini"></context:component-scan>
    
    <!-- <bean id="vehicle" class="com.infopine1.Yamini.bike"></bean> -->
    
    <!-- <bean id="tyre" class="com.infopine1.Yamini.tyre">
   <property name="brands" value="MRF"></property>
    <constructor-arg value=" JK Tyres"></constructor-arg>
    </bean> -->
</beans>



