{
  "artist": {
    "name": "Metro Boomin",
    "birthYear": 1993,
    "genres": ["Hip Hop", "Rap", "Trap"],
    "albums": [
      {
        "title": "Not All Heroes Wear Capes",
        "year": 2018,
        "tracks": [
          "24 Savage",
          "Overdue",
          "No Complaints",
          "Space Cadet"
        ]
      },
      {
        "title": "Savage Mode II",
        "year": 2020,
        "tracks": [
          "Mr. Right Now",
          "Runnin",
          "Glock in My Lap",
          "Said N Done"
        ]
      },
      {
        "title": "Heroes & Villains",
        "year": 2022,
        "tracks": [
          "On Time",
          "Superhero",
          "Too Many Nights",
          "I Can’t Save You"
        ]
      }
    ]
  }
}
